{
  "watchlist": [
    {
      "vote_count": 2034,
      "id": 19404,
      "video": false,
      "vote_average": 9,
      "title": "Dilwale Dulhania Le Jayenge",
      "popularity": 14.083,
      "poster_path": "https://image.tmdb.org/t/p/w500/uC6TTUhPpQCmgldGyYveKRAu8JN.jpg",
      "original_language": "hi",
      "original_title": "दिलवाले दुल्हनिया ले जायेंगे",
      "genre_ids": [
        35,
        18,
        10749
      ],
      "backdrop_path": "/nl79FQ8xWZkhL3rDr1v2RFFR6J0.jpg",
      "adult": false,
      "overview": "Raj is a rich, carefree, happy-go-lucky second generation NRI. Simran is the daughter of Chaudhary Baldev Singh, who in spite of being an NRI is very strict about adherence to Indian values. Simran has left for India to be married to her childhood fiancé. Raj leaves for India with a mission at his hands, to claim his lady love under the noses of her whole family. Thus begins a saga.",
      "release_date": "1995-10-20"
    },
    {
      "vote_count": 296,
      "id": 537915,
      "video": false,
      "vote_average": 6.5,
      "title": "After",
      "popularity": 267.351,
      "poster_path": "https://image.tmdb.org/t/p/w500/u3B2YKUjWABcxXZ6Nm9h10hLUbh.jpg",
      "original_language": "en",
      "original_title": "After",
      "genre_ids": [
        18,
        10749
      ],
      "backdrop_path": "/8lESY7UGpOsbL2caib9Qe4bOebF.jpg",
      "adult": false,
      "overview": "A young woman falls for a guy with a dark secret and the two embark on a rocky relationship.",
      "release_date": "2019-04-11"
    },
    {
      "vote_count": 1493,
      "id": 166428,
      "video": false,
      "vote_average": 7.6,
      "title": "How to Train Your Dragon: The Hidden World",
      "popularity": 201.43,
      "poster_path": "https://image.tmdb.org/t/p/w500/xvx4Yhf0DVH8G4LzNISpMfFBDy2.jpg",
      "original_language": "en",
      "original_title": "How to Train Your Dragon: The Hidden World",
      "genre_ids": [
        16,
        10751,
        12
      ],
      "backdrop_path": "/h3KN24PrOheHVYs9ypuOIdFBEpX.jpg",
      "adult": false,
      "overview": "As Hiccup fulfills his dream of creating a peaceful dragon utopia, Toothless’ discovery of an untamed, elusive mate draws the Night Fury away. When danger mounts at home and Hiccup’s reign as village chief is tested, both dragon and rider must make impossible decisions to save their kind.",
      "release_date": "2019-01-03"
    }
  ]
}